{
  "main": {
    "id": "3f0afb58856b3008",
    "type": "split",
    "children": [
      {
        "id": "36b0dcd916275d23",
        "type": "tabs",
        "children": [
          {
            "id": "11020a8027f8fb0a",
            "type": "leaf",
            "state": {
              "type": "markdown",
              "state": {
                "file": "bitacoras/bitacora-2411.md",
                "mode": "source",
                "source": false
              },
              "icon": "lucide-file",
              "title": "bitacora-2411"
            }
          },
          {
            "id": "5df1127dce7e96fb",
            "type": "leaf",
            "state": {
              "type": "release-notes",
              "state": {
                "currentVersion": "1.7.5"
              },
              "icon": "lucide-file",
              "title": "Release Notes 1.7.5"
            }
          }
        ],
        "currentTab": 1
      }
    ],
    "direction": "vertical"
  },
  "left": {
    "id": "67194d0c7800994c",
    "type": "split",
    "children": [
      {
        "id": "78cc0627756dce08",
        "type": "tabs",
        "children": [
          {
            "id": "556bb3c6aeeb70fe",
            "type": "leaf",
            "state": {
              "type": "file-explorer",
              "state": {
                "sortOrder": "alphabetical"
              },
              "icon": "lucide-folder-closed",
              "title": "Files"
            }
          },
          {
            "id": "087f5f88431e8363",
            "type": "leaf",
            "state": {
              "type": "search",
              "state": {
                "query": "",
                "matchingCase": false,
                "explainSearch": true,
                "collapseAll": false,
                "extraContext": false,
                "sortOrder": "alphabetical"
              },
              "icon": "lucide-search",
              "title": "Search"
            }
          },
          {
            "id": "695d4b63800949f7",
            "type": "leaf",
            "state": {
              "type": "bookmarks",
              "state": {},
              "icon": "lucide-bookmark",
              "title": "Bookmarks"
            }
          }
        ]
      }
    ],
    "direction": "horizontal",
    "width": 200
  },
  "right": {
    "id": "41ab23aa8f553f30",
    "type": "split",
    "children": [
      {
        "id": "589cc2366ee8f883",
        "type": "tabs",
        "children": [
          {
            "id": "bf3e1a712e694a86",
            "type": "leaf",
            "state": {
              "type": "backlink",
              "state": {
                "file": "bitacoras/bitacora-2410.md",
                "collapseAll": false,
                "extraContext": false,
                "sortOrder": "alphabetical",
                "showSearch": false,
                "searchQuery": "",
                "backlinkCollapsed": false,
                "unlinkedCollapsed": true
              },
              "icon": "links-coming-in",
              "title": "Backlinks for bitacora-2410"
            }
          },
          {
            "id": "2b00ed8dac181854",
            "type": "leaf",
            "state": {
              "type": "all-properties",
              "state": {
                "sortOrder": "frequency",
                "showSearch": false,
                "searchQuery": ""
              },
              "icon": "lucide-archive",
              "title": "All properties"
            }
          }
        ]
      }
    ],
    "direction": "horizontal",
    "width": 300,
    "collapsed": true
  },
  "left-ribbon": {
    "hiddenItems": {
      "switcher:Open quick switcher": false,
      "graph:Open graph view": false,
      "canvas:Create new canvas": false,
      "command-palette:Open command palette": false,
      "markdown-importer:Open format converter": false
    }
  },
  "active": "5df1127dce7e96fb",
  "lastOpenFiles": [
    "bitacoras/bitacora-2410.md",
    "bitacoras/bitacora-2411.md",
    "bitacoras/Plantilla diaria.md",
    "backend-chapter/Squads y chapters.md",
    "bitacoras/bitacora-2409.md",
    "RunBooks/Creación de un usuario desde la CLI.md",
    "RunBooks/Llamar a DEV desde Local.md",
    "Lista de software necesario.md",
    "bitacoras/bitacora-2408.md",
    "bitacoras/bitacora-2407.md",
    "Tareas.md",
    "Sketches.md",
    "bitacoras/bitacora-2406.md",
    "backend-chapter/Tareas.md",
    "backend-chapter/Tareas revisiones de QA en código.md",
    "bitacoras/bitacora-2405.md",
    "RunBooks/Sacar los logs de los contenedores durante los tests de int y acc.md",
    "bitacoras/bitacora-2404.md",
    "bitacoras/bitacora-2401.md",
    "otros/Mega-clásica.md",
    "RunBooks/Adaptar un servicio a avro + schema registry.md",
    "RunBooks",
    "bitacoras/bitacora-2403.md",
    "bitacoras/bitacoras-2023.zip",
    "bitacoras/bitacoras-2023/bitacora-2308.md",
    "bitacoras/bitacoras-2023",
    "arquitectura/Equipos.md",
    "bitacoras/bitacora-2402.md",
    "bitacoras/bitacora-2301.md",
    "bitacoras/Archivo.zip",
    "backend-chapter/Entrevistas",
    "Untitled.canvas",
    "Untitled 1",
    "backend-chapter",
    "otros",
    "Pasted image 20230814153551.png",
    "arquitectura/weekly",
    "sync-payments/payments-2022.zip"
  ]
}